source	target	wasserstein_distance	optimal_transport_cost
1	3	0.0970700737577901	0.004711299609671405
1	2	0.0989825684151503	0.004898774425029955
1	5	0.17262684927290492	0.014900014544945116
1	4	0.17756092061395726	0.015763940264638017
1	6	0.1795663535936903	0.016122037671467106
2	1	0.0989825684151503	0.004898774425029955
2	3	0.11572929714216598	0.006696635108509874
2	4	0.18033433021142592	0.016260235326401803
2	7	0.1813533357343636	0.0164445161909904
2	5	0.18380680805761446	0.016892471344164363
3	1	0.0970700737577901	0.004711299609671405
3	2	0.11572929714216598	0.006696635108509874
3	5	0.17776499939693013	0.015800197505295287
3	7	0.17950220244574752	0.016110520341437062
3	4	0.18326713757459676	0.016793421857393086
4	5	0.09983996096072732	0.004984008902319778
4	7	0.10162837984459172	0.0051641637949183085
4	6	0.10181966044015442	0.005183621626074174
4	1	0.17756092061395726	0.015763940264638017
4	2	0.18033433021142592	0.016260235326401803
5	6	0.0968527936141777	0.00469023181543525
5	4	0.09983996096072732	0.004984008902319778
5	7	0.10849492761668571	0.005885574659274935
5	1	0.17262684927290492	0.014900014544945116
5	3	0.17776499939693013	0.015800197505295287
6	5	0.0968527936141777	0.00469023181543525
6	7	0.09719327943572428	0.004723266783735393
6	4	0.10181966044015442	0.005183621626074174
6	1	0.1795663535936903	0.016122037671467106
6	9	0.18529203486995866	0.017166569093124986
7	6	0.09719327943572428	0.004723266783735393
7	4	0.10162837984459172	0.0051641637949183085
7	5	0.10849492761668571	0.005885574659274935
7	3	0.17950220244574752	0.016110520341437062
7	1	0.17979039438467567	0.016162292956498608
8	9	0.11975421721778837	0.00717053627072262
8	10	0.122844212345002	0.00754535025333197
8	7	0.1834336331136268	0.016823948878632318
8	5	0.18549773572501219	0.01720470497955323
8	6	0.19089753002954857	0.018220933485691197
9	10	0.10434482800979693	0.005443921566197051
9	8	0.11975421721778837	0.00717053627072262
9	5	0.17867720335034426	0.015962771498550136
9	4	0.1835406426706109	0.016843583755970438
9	6	0.18529203486995866	0.017166569093124986
10	9	0.10434482800979693	0.005443921566197051
10	8	0.122844212345002	0.00754535025333197
10	5	0.18585365845243107	0.01727079118007645
10	4	0.18629472815729228	0.017352862869599715
10	6	0.18728380534416078	0.017537611872094752
11	13	0.10830771464837857	0.005865280526177299
11	12	0.11059144375261727	0.0061152337156441545
11	14	0.11293426766681489	0.006377074406719895
11	17	0.1908270479074232	0.018207481106530993
11	16	0.19188462179565688	0.01840985404083114
12	14	0.100891239613619	0.005089521115386342
12	13	0.1023701368023613	0.005239822454467084
12	11	0.11059144375261727	0.0061152337156441545
12	17	0.17979901772498763	0.01616384338743521
12	16	0.18241925324569408	0.016638391977358336
13	14	0.09769474837505518	0.004772131930032673
13	12	0.1023701368023613	0.005239822454467084
13	11	0.10830771464837857	0.005865280526177299
13	17	0.17834063602691716	0.01590269122924267
13	15	0.1807102495821542	0.01632809715202223
14	13	0.09769474837505518	0.004772131930032673
14	12	0.100891239613619	0.005089521115386342
14	11	0.11293426766681489	0.006377074406719895
14	15	0.17662725384101857	0.015598593399709804
14	17	0.17698182505112042	0.015661283199212696
15	17	0.10022847613129111	0.005022873713800396
15	16	0.12300567576705995	0.0075651981354555396
15	14	0.17662725384101857	0.015598593399709804
15	13	0.1807102495821542	0.01632809715202223
15	12	0.18464663777274132	0.01704719042038897
16	15	0.12300567576705995	0.0075651981354555396
16	17	0.127618584174359	0.008143251513333977
16	12	0.18241925324569408	0.016638391977358336
16	20	0.18849288934808753	0.017764784667395183
16	13	0.1890744698763058	0.017874577579503035
17	15	0.10022847613129111	0.005022873713800396
17	16	0.127618584174359	0.008143251513333977
17	14	0.17698182505112042	0.015661283199212696
17	13	0.17834063602691716	0.01590269122924267
17	12	0.17979901772498763	0.01616384338743521
18	19	0.09983996096072732	0.004984008902319778
18	20	0.10181966044015442	0.005183621626074174
18	15	0.1925663506276188	0.018540899697019508
18	12	0.19518401078585632	0.019048399033226637
18	17	0.19572597226847135	0.01915432811021921
19	20	0.0968527936141777	0.00469023181543525
19	18	0.09983996096072732	0.004984008902319778
19	17	0.19216360576851696	0.018463425690979002
19	16	0.19510906587683655	0.019033773793665873
19	15	0.19538070709387406	0.019086810352251106
20	19	0.0968527936141777	0.00469023181543525
20	18	0.10181966044015442	0.005183621626074174
20	16	0.18849288934808753	0.017764784667395183
20	12	0.19873542566160848	0.019747884706450357
20	17	0.19999900260034015	0.019999800520565433
21	22	0.10640718417671298	0.0056612444222084585
21	23	0.10818263915575518	0.005851741707352167
21	24	0.12393328326976	0.007679729351011287
21	25	0.18009599495434894	0.01621728369929844
21	26	0.1803047688383121	0.01625490483291858
22	24	0.09513619319806972	0.004525447628110224
22	23	0.10184846367390393	0.005186554776367264
22	21	0.10640718417671298	0.0056612444222084585
22	28	0.17878813228828683	0.015982598123566977
22	26	0.18125888855182343	0.016427392339521174
23	22	0.10184846367390393	0.005186554776367264
23	21	0.10818263915575518	0.005851741707352167
23	24	0.1175755942341249	0.006912010179753793
23	26	0.18139818555879728	0.016452650862011923
23	32	0.1886270494146055	0.017790081885430013
24	22	0.09513619319806972	0.004525447628110224
24	23	0.1175755942341249	0.006912010179753793
24	21	0.12393328326976	0.007679729351011287
24	28	0.18211868593485525	0.016583607883319224
24	27	0.18528907197451025	0.01716602009658762
25	26	0.09215468413073874	0.004246242903618115
25	28	0.1134390986094015	0.006434214546656759
25	27	0.12307471254400162	0.007573692433894315
25	21	0.18009599495434894	0.01621728369929844
25	29	0.18075566419825914	0.016336305069876912
26	25	0.09215468413073874	0.004246242903618115
26	27	0.09979789657511577	0.004979810080408752
26	28	0.1031009795214836	0.005314905989144691
26	29	0.17997326850802223	0.016195188688730332
26	21	0.1803047688383121	0.01625490483291858
27	26	0.09979789657511577	0.004979810080408752
27	28	0.10100413414399809	0.00510091755708938
27	25	0.12307471254400162	0.007573692433894315
27	29	0.18441190490259207	0.01700387533490133
27	22	0.18520016287542312	0.017149550164541626
28	27	0.10100413414399809	0.00510091755708938
28	26	0.1031009795214836	0.005314905989144691
28	25	0.1134390986094015	0.006434214546656759
28	31	0.1774679167404242	0.015747430736093068
28	29	0.17761641635579353	0.0157737956795373
29	32	0.10249626726552924	0.0052527424016834
29	31	0.10291392757275085	0.005295638244224704
29	30	0.10361252089783646	0.005367777243402298
29	28	0.17761641635579353	0.0157737956795373
29	26	0.17997326850802223	0.016195188688730332
30	31	0.09167017411181731	0.0042017104108454505
30	32	0.10080283422709232	0.005080605694107328
30	29	0.10361252089783646	0.005367777243402298
30	28	0.18012580103897974	0.016222652099967056
30	26	0.1823419121479821	0.01662428646289121
31	30	0.09167017411181731	0.0042017104108454505
31	29	0.10291392757275085	0.005295638244224704
31	32	0.10561873413254003	0.005577658499880088
31	28	0.1774679167404242	0.015747430736093068
31	26	0.18245345311064126	0.016644631275998484
32	30	0.10080283422709232	0.005080605694107328
32	29	0.10249626726552924	0.0052527424016834
32	31	0.10561873413254003	0.005577658499880088
32	28	0.1859796711510572	0.01729421904072769
32	26	0.18813182304066728	0.017696791420302473
33	34	0.10015674604509403	0.005015686889170729
33	36	0.10425592806766393	0.005434649268624958
33	35	0.11204299230032463	0.006276816061805302
33	42	0.18501808145356943	0.017115845232379828
33	43	0.18544229906931659	0.01719442314205693
34	33	0.10015674604509403	0.005015686889170729
34	36	0.1053384329915147	0.005548092732553916
34	35	0.1161054281129016	0.006740235218640081
34	42	0.18133510782066592	0.01644121066416627
34	38	0.18427835915738805	0.01697925682686965
35	33	0.11204299230032463	0.006276816061805302
35	34	0.1161054281129016	0.006740235218640081
35	36	0.12452349308714344	0.007753050165311931
35	37	0.1926254040284996	0.018552273138571353
35	40	0.19276763424283397	0.018579680405789507
36	33	0.10425592806766393	0.005434649268624958
36	34	0.1053384329915147	0.005548092732553916
36	35	0.12452349308714344	0.007753050165311931
36	43	0.1867761819083441	0.017442671064129424
36	37	0.1872279435386108	0.017527151420848618
37	38	0.10213036918148133	0.005215306154572836
37	39	0.1264742448716997	0.007997867307933329
37	40	0.1842759349812746	0.01697881010661147
37	43	0.18475934977150935	0.017068008663995465
37	42	0.18570000691429514	0.01724224628398463
38	37	0.10213036918148133	0.005215306154572836
38	39	0.10341412947045671	0.005347241087066191
38	43	0.17357093231343992	0.015063434272078373
38	40	0.17603151966887404	0.015493547958466594
38	42	0.17935425026266172	0.016083973543640745
39	38	0.10341412947045671	0.005347241087066191
39	37	0.1264742448716997	0.007997867307933329
39	43	0.18227092690473112	0.01661134539735492
39	41	0.18472616503541864	0.01706187802434636
39	42	0.18525951701981874	0.017160544323208255
40	43	0.09929868890701846	0.004930114809326415
40	42	0.10584995796600852	0.005602106800702885
40	41	0.11638348932347889	0.0067725582935541625
40	38	0.17603151966887404	0.015493547958466594
40	37	0.1842759349812746	0.01697881010661147
41	43	0.09909754332789722	0.004910161546812233
41	42	0.11249199707293119	0.006327224702728179
41	40	0.11638348932347889	0.0067725582935541625
41	38	0.182724435120053	0.01669410959497123
41	39	0.18472616503541864	0.01706187802434636
42	40	0.10584995796600852	0.005602106800702885
42	41	0.11249199707293119	0.006327224702728179
42	43	0.11443329605438726	0.006547489622935522
42	38	0.17935425026266172	0.016083973543640745
42	34	0.18133510782066592	0.01644121066416627
43	41	0.09909754332789722	0.004910161546812233
43	40	0.09929868890701846	0.004930114809326415
43	42	0.11443329605438726	0.006547489622935522
43	38	0.17357093231343992	0.015063434272078373
43	39	0.18227092690473112	0.01661134539735492
44	45	0.10278343391608744	0.005282217143791356
44	47	0.10574664210363315	0.005591176158096939
44	46	0.11882623344021727	0.007059836876794504
44	115	0.21698581370889125	0.02354142167545483
44	120	0.22031631777588864	0.024269639939163173
45	46	0.09168269639273034	0.004202858408920785
45	44	0.10278343391608744	0.005282217143791356
45	47	0.10554739595322238	0.005570126396253152
45	119	0.21003886358386817	0.022058162107801392
45	115	0.2132227131835035	0.0227319627086673
46	45	0.09168269639273034	0.004202858408920785
46	47	0.10022689480786724	0.005022715221413643
46	44	0.11882623344021727	0.007059836876794504
46	120	0.21345934760505703	0.02278244653998828
46	119	0.2174741804920385	0.023647509590341873
47	46	0.10022689480786724	0.005022715221413643
47	45	0.10554739595322238	0.005570126396253152
47	44	0.10574664210363315	0.005591176158096939
47	120	0.21773621047334865	0.02370452867564719
47	121	0.21793627040296012	0.023748108978576078
48	49	0.6315208526055385	0.19940929363781312
48	50	0.7068538912852492	0.24982121181254946
48	53	1.0741291471713066	0.5768767124014792
48	51	1.0930694852455858	0.5974004497875249
48	52	1.1262191323298198	0.6341847670128662
49	50	0.5985090367442383	0.17910653353225797
49	48	0.6315208526055385	0.19940929363781312
49	52	1.090315877818049	0.5943943567110714
49	51	1.1078918024940052	0.613712123016708
49	53	1.1326132053780127	0.6414063364983281
50	49	0.5985090367442383	0.17910653353225797
50	48	0.7068538912852492	0.24982121181254946
50	53	1.0565645015350014	0.5581642729519529
50	52	1.103019005068108	0.6083254627707193
50	51	1.1436875174781105	0.6540105688176217
51	52	0.651467969354625	0.21220525754751932
51	53	0.7362194284465773	0.27100952341110246
51	48	1.0930694852455858	0.5974004497875249
51	49	1.1078918024940052	0.613712123016708
51	50	1.1436875174781105	0.6540105688176217
52	51	0.651467969354625	0.21220525754751932
52	53	0.6704236136946281	0.22473391089968198
52	49	1.090315877818049	0.5943943567110714
52	50	1.103019005068108	0.6083254627707193
52	48	1.1262191323298198	0.6341847670128662
53	52	0.6704236136946281	0.22473391089968198
53	51	0.7362194284465773	0.27100952341110246
53	50	1.0565645015350014	0.5581642729519529
53	48	1.0741291471713066	0.5768767124014792
53	49	1.1326132053780127	0.6414063364983281
54	55	0.5826916775079466	0.16976479551851242
54	56	0.6867300673754312	0.23579909271873212
54	57	0.7537027504586178	0.2840339180244427
54	59	0.9450333802237649	0.4465440448685775
54	60	0.98622001385543	0.4863149578645023
55	54	0.5826916775079466	0.16976479551851242
55	56	0.6491777748176358	0.21071589165858856
55	57	0.6532735634194133	0.21338317433134912
55	61	0.9462105766457428	0.4476572276781346
55	60	0.966954158409275	0.4675001722324947
56	55	0.6491777748176358	0.21071589165858856
56	54	0.6867300673754312	0.23579909271873212
56	57	0.7455995920568791	0.27795937583769226
56	58	0.9836019548512737	0.4837364027936235
56	64	0.9952924707022173	0.495303551118262
57	55	0.6532735634194133	0.21338317433134912
57	56	0.7455995920568791	0.27795937583769226
57	54	0.7537027504586178	0.2840339180244427
57	59	0.9986188892572488	0.49861984299069073
57	60	1.0068542675942294	0.506877758086356
58	59	0.6007476177599248	0.18044885012211237
58	60	0.6309631612421558	0.19905725542234734
58	61	0.6680624859816889	0.22315374258801715
58	56	0.9836019548512737	0.4837364027936235
58	54	1.00445858290439	0.5044685223851476
59	60	0.5453332883758002	0.14869419770538184
59	61	0.5729012605098657	0.16410792714689648
59	58	0.6007476177599248	0.18044885012211237
59	54	0.9450333802237649	0.4465440448685775
59	55	0.980300372001899	0.4804944096735308
60	59	0.5453332883758002	0.14869419770538184
60	58	0.6309631612421558	0.19905725542234734
60	61	0.6402447631654876	0.20495667838041567
60	55	0.966954158409275	0.4675001722324947
60	54	0.98622001385543	0.4863149578645023
61	59	0.5729012605098657	0.16410792714689648
61	60	0.6402447631654876	0.20495667838041567
61	58	0.6680624859816889	0.22315374258801715
61	55	0.9462105766457428	0.4476572276781346
61	54	0.9991761311141341	0.49917647049410463
62	64	0.5896428076819837	0.17383932032554644
62	63	0.6172377458453308	0.19049121744811257
62	56	1.0286519456955223	0.5290624126915919
62	54	1.0297192112908458	0.5301608270507208
62	55	1.0681683356748457	0.5704917966691849
63	64	0.5854980694975329	0.17140399469266895
63	62	0.6172377458453308	0.19049121744811257
63	55	1.007017908162312	0.5070425336797993
63	56	1.0597308517383934	0.5615147390630904
63	57	1.0845037846459538	0.5880742294556986
64	63	0.5854980694975329	0.17140399469266895
64	62	0.5896428076819837	0.17383932032554644
64	56	0.9952924707022173	0.495303551118262
64	55	1.0510240511537416	0.5523257780518115
64	57	1.0705215197229185	0.5730081620949335
65	67	0.10592475709194495	0.0056100270824937706
65	66	0.10949517466154934	0.005994596637081599
65	68	0.10988359617504342	0.006037202354180009
65	74	0.18125123015734843	0.016426004216776046
65	73	0.18448818157532304	0.01701794457048468
66	68	0.10575851825432021	0.005592432091674691
66	67	0.10835179523579273	0.0058700557654095785
66	65	0.10949517466154934	0.005994596637081599
66	74	0.17912728465807434	0.016043292054487398
66	73	0.1826435290243725	0.0166793293472384
67	68	0.10142668755030353	0.005143686473713448
67	65	0.10592475709194495	0.0056100270824937706
67	66	0.10835179523579273	0.0058700557654095785
67	74	0.1787927047943097	0.01598341564383259
67	72	0.1848340698352592	0.01708181668593274
68	67	0.10142668755030353	0.005143686473713448
68	66	0.10575851825432021	0.005592432091674691
68	65	0.10988359617504342	0.006037202354180009
68	74	0.1818652876452682	0.016537491425148067
68	73	0.1843257880867927	0.016987998076908605
69	71	0.10759836559889926	0.005788704139777195
69	70	0.10923208055009526	0.005965823710651249
69	74	0.17044944230708023	0.014526506191397335
69	72	0.18187925676444608	0.01654003202059365
69	73	0.18304603915901718	0.016752926225902225
70	71	0.08472156261702359	0.003588871586135124
70	69	0.10923208055009526	0.005965823710651249
70	74	0.16625288233077562	0.013820010441645362
70	73	0.168680287808916	0.014226519747649368
70	72	0.17962676673977818	0.01613288766469334
71	70	0.08472156261702359	0.003588871586135124
71	69	0.10759836559889926	0.005788704139777195
71	73	0.16862588384104243	0.014217344350586369
71	74	0.17141072441625516	0.014690818222452686
71	72	0.17885746660832502	0.01599499668077405
72	74	0.10726485873965462	0.00575287496021903
72	73	0.1103074741379178	0.0060838694253437025
72	71	0.17885746660832502	0.01599499668077405
72	70	0.17962676673977818	0.01613288766469334
72	69	0.18187925676444608	0.01654003202059365
73	74	0.09263126708081386	0.004290275820498534
73	72	0.1103074741379178	0.0060838694253437025
73	71	0.16862588384104243	0.014217344350586369
73	70	0.168680287808916	0.014226519747649368
73	66	0.1826435290243725	0.0166793293472384
74	73	0.09263126708081386	0.004290275820498534
74	72	0.10726485873965462	0.00575287496021903
74	70	0.16625288233077562	0.013820010441645362
74	69	0.17044944230708023	0.014526506191397335
74	71	0.17141072441625516	0.014690818222452686
75	78	0.6242964631034086	0.1948730369217128
75	76	0.6669511727489111	0.22241193341557394
75	77	0.7117581826811908	0.2532998553068157
75	79	1.0277655835126296	0.528151047326528
75	81	1.0511164622255997	0.5524229085808303
76	75	0.6669511727489111	0.22241193341557394
76	78	0.7024864177315695	0.24674358354866657
76	77	0.7226586385328725	0.26111775392309244
76	81	0.9792747945782564	0.4794895616481431
76	80	1.0375010114143473	0.5382041743428968
77	78	0.6632810024371582	0.2199708440970207
77	75	0.7117581826811908	0.2532998553068157
77	76	0.7226586385328725	0.26111775392309244
77	80	1.0207804631970516	0.5209963770223937
77	79	1.0349136477589485	0.5355231291588665
78	75	0.6242964631034086	0.1948730369217128
78	77	0.6632810024371582	0.2199708440970207
78	76	0.7024864177315695	0.24674358354866657
78	79	1.005267081218107	0.505280952290386
78	81	1.0270143120268447	0.5273791985539865
79	81	0.6468734548509152	0.20922263329537952
79	80	0.7071204725664818	0.2500096813613223
79	78	1.005267081218107	0.505280952290386
79	75	1.0277655835126296	0.528151047326528
79	77	1.0349136477589485	0.5355231291588665
80	81	0.6752477726437105	0.22797977723014606
80	79	0.7071204725664818	0.2500096813613223
80	77	1.0207804631970516	0.5209963770223937
80	76	1.0375010114143473	0.5382041743428968
80	78	1.07255485462254	0.575186958087189
81	79	0.6468734548509152	0.20922263329537952
81	80	0.6752477726437105	0.22797977723014606
81	76	0.9792747945782564	0.4794895616481431
81	78	1.0270143120268447	0.5273791985539865
81	77	1.0373168014051508	0.5380130732387065
82	83	0.5825635195737077	0.16969012716905285
82	84	0.6344022591312081	0.20123311319539022
82	85	0.6555666423190212	0.21488381126071773
82	77	1.0953041317222922	0.5998455704839623
82	81	1.0963875851242375	0.6010328684072785
83	82	0.5825635195737077	0.16969012716905285
83	85	0.69765585001603	0.2433618425307947
83	84	0.7106403391041878	0.2525048457810575
83	79	1.1155179955693255	0.6221901992195029
83	81	1.130409491401681	0.6389128091255034
84	82	0.6344022591312081	0.20123311319539022
84	85	0.6875776340825144	0.23638150144525402
84	83	0.7106403391041878	0.2525048457810575
84	81	1.0537013803659265	0.5551432994925295
84	80	1.1036680264893006	0.6090415563473938
85	82	0.6555666423190212	0.21488381126071773
85	84	0.6875776340825144	0.23638150144525402
85	83	0.69765585001603	0.2433618425307947
85	79	1.1177284860375756	0.6246584842499254
85	75	1.1208959929598754	0.6282039135167525
86	87	0.10317624042752524	0.005322668294379247
86	89	0.10399262515243468	0.0054072330430473955
86	88	0.12286044152132959	0.007547344045408024
86	97	0.1699974796396175	0.014449571541911083
86	95	0.17196127601827627	0.014785340224916899
87	86	0.10317624042752524	0.005322668294379247
87	89	0.1089201020795367	0.005931794318508348
87	88	0.11343427015085936	0.006433666822329071
87	96	0.17126775841499514	0.014666322536248569
87	97	0.1729106802394185	0.014949051670429215
88	89	0.09469125590666512	0.004483216972590771
88	87	0.11343427015085936	0.006433666822329071
88	86	0.12286044152132959	0.007547344045408024
88	97	0.1751625224246031	0.01534095463107479
88	94	0.17598165783094857	0.015484771946464531
89	88	0.09469125590666512	0.004483216972590771
89	86	0.10399262515243468	0.0054072330430473955
89	87	0.1089201020795367	0.005931794318508348
89	95	0.1714054143594666	0.01468990803587022
89	97	0.17458854222280876	0.015240579537742738
90	91	0.08373474762459723	0.003505753979877496
90	93	0.10320462403764641	0.005325597211375971
90	92	0.12498865173188564	0.0078110815308773
90	94	0.16900787265211253	0.014281830509196344
90	95	0.17329645003618932	0.015015829797572731
91	90	0.08373474762459723	0.003505753979877496
91	93	0.10658099531046429	0.005679754280684605
91	92	0.10801004017829667	0.0058330843896586305
91	97	0.16528121047626057	0.013658939268248974
91	95	0.16879658402216466	0.014246143388775846
92	91	0.10801004017829667	0.0058330843896586305
92	93	0.11036620078436002	0.006090349137786835
92	90	0.12498865173188564	0.0078110815308773
92	96	0.17483965722208497	0.015284452868768084
92	94	0.1757836886145582	0.01544995259146998
93	90	0.10320462403764641	0.005325597211375971
93	91	0.10658099531046429	0.005679754280684605
93	92	0.11036620078436002	0.006090349137786835
93	97	0.17325669924699377	0.015008941916981626
93	94	0.1748613839869846	0.015288251804921835
94	95	0.09337464567352483	0.004359412227328155
94	97	0.09639521190618924	0.004646018439219564
94	96	0.10791320055895551	0.0058226294274386775
94	90	0.16900787265211253	0.014281830509196344
94	91	0.17114476824588917	0.014645265848969557
95	94	0.09337464567352483	0.004359412227328155
95	97	0.09351205219058999	0.004372251952447813
95	96	0.10144816215997102	0.005145864802817888
95	91	0.16879658402216466	0.014246143388775846
95	89	0.1714054143594666	0.01468990803587022
96	97	0.09752377768454161	0.004755443606931948
96	95	0.10144816215997102	0.005145864802817888
96	94	0.10791320055895551	0.0058226294274386775
96	91	0.1704552814292015	0.014527501483554141
96	87	0.17126775841499514	0.014666322536248569
97	95	0.09351205219058999	0.004372251952447813
97	94	0.09639521190618924	0.004646018439219564
97	96	0.09752377768454161	0.004755443606931948
97	91	0.16528121047626057	0.013658939268248974
97	86	0.1699974796396175	0.014449571541911083
98	100	0.5933255338916321	0.17601759458389515
98	101	0.6509204282075626	0.2118487019289583
98	99	0.6533502980009116	0.21343330594894
98	102	1.0826703899212207	0.586087586606084
98	103	1.0860349694580456	0.589735977442869
99	101	0.5592480002321577	0.15637916288183373
99	100	0.6288746087620485	0.19774163677280976
99	98	0.6533502980009116	0.21343330594894
99	102	1.070691299230486	0.5731899291239331
99	105	1.1031890251343186	0.6085130125884041
100	98	0.5933255338916321	0.17601759458389515
100	99	0.6288746087620485	0.19774163677280976
100	101	0.6574395740326654	0.21611339675212626
100	103	1.0791736279390909	0.5823078596196097
100	102	1.1069368834482112	0.6126546319690194
101	99	0.5592480002321577	0.15637916288183373
101	98	0.6509204282075626	0.2118487019289583
101	100	0.6574395740326654	0.21611339675212626
101	103	1.0836786802750598	0.5871797410413476
101	108	1.0967665220611895	0.6014484019570988
102	104	0.7166121594406906	0.25676649352912484
102	103	0.7304085808187175	0.2667483474668065
102	105	1.0567264965040681	0.5583354442068812
102	107	1.0634851950097561	0.5655003800024695
102	99	1.070691299230486	0.5731899291239331
103	104	0.7058958501033469	0.2491444755965634
103	102	0.7304085808187175	0.2667483474668065
103	105	1.0628682824232352	0.564844492890659
103	107	1.075238546676537	0.5780689661295358
103	100	1.0791736279390909	0.5823078596196097
104	103	0.7058958501033469	0.2491444755965634
104	102	0.7166121594406906	0.25676649352912484
104	108	1.03831076118514	0.5390446183964325
104	107	1.078428790603841	0.5815043282016316
104	106	1.0900654744256597	0.5941213692674193
105	106	0.5799490682223196	0.16817046086596837
105	107	0.6240633864913157	0.1947275551795046
105	108	0.6727958994093894	0.22632716113104465
105	102	1.0567264965040681	0.5583354442068812
105	103	1.0628682824232352	0.564844492890659
106	105	0.5799490682223196	0.16817046086596837
106	108	0.6348853034353554	0.20153967425910166
106	107	0.6842381281492774	0.2340909080066135
106	103	1.0805644773106664	0.5838097948128368
106	104	1.0900654744256597	0.5941213692674193
107	105	0.6240633864913157	0.1947275551795046
107	108	0.6438768745709077	0.2072887148036002
107	106	0.6842381281492774	0.2340909080066135
107	102	1.0634851950097561	0.5655003800024695
107	103	1.075238546676537	0.5780689661295358
108	106	0.6348853034353554	0.20153967425910166
108	107	0.6438768745709077	0.2072887148036002
108	105	0.6727958994093894	0.22632716113104465
108	104	1.03831076118514	0.5390446183964325
108	103	1.0962927009908299	0.6009288431228845
109	110	0.6298193408259879	0.19833620103924096
109	111	0.7107328744727001	0.25257060942811344
109	51	1.3511296468512954	0.9127756613002531
109	133	1.3624838328614368	0.9281810974043958
109	143	1.3669517602596404	0.9342785574384647
110	111	0.5981740990197569	0.17890612636904898
110	109	0.6298193408259879	0.19833620103924096
110	83	1.3420294282882994	0.9005214931959099
110	141	1.364236353248915	0.9305704137629492
110	53	1.3660211665335495	0.9330069137088397
111	110	0.5981740990197569	0.17890612636904898
111	109	0.7107328744727001	0.25257060942811344
111	57	1.3413510330677318	0.8996112969559358
111	52	1.3499078580931596	0.9111256126708309
111	51	1.351107676460452	0.9127459766951806
112	115	0.09787248925295336	0.004789512076284736
112	114	0.11040978005159491	0.006095159765520782
112	113	0.12210087364063257	0.007454311671902861
112	120	0.17016889157905066	0.014478725830621349
112	119	0.17722733118285758	0.01570476345909914
113	115	0.09725108428989268	0.004728886697779906
113	114	0.11010556897890099	0.006061618160083762
113	112	0.12210087364063257	0.007454311671902861
113	120	0.15976493895298888	0.012762417859326131
113	121	0.1637882266015739	0.013413291586644262
114	115	0.09697179492004902	0.004701764505008023
114	113	0.11010556897890099	0.006061618160083762
114	112	0.11040978005159491	0.006095159765520782
114	122	0.16338243743488703	0.013346910431082389
114	119	0.1672532504655779	0.013986824895650667
115	114	0.09697179492004902	0.004701764505008023
115	113	0.09725108428989268	0.004728886697779906
115	112	0.09787248925295336	0.004789512076284736
115	120	0.15875561959183568	0.01260167337599382
115	119	0.16497410568596094	0.013608227773441305
116	118	0.11646391355666624	0.006781921580467314
116	117	0.12178510370812562	0.007415805742599456
116	119	0.18015269474618203	0.016227496712155523
116	122	0.18179475505480844	0.0165246664827189
116	120	0.18226353297539707	0.01660999772633683
117	118	0.11166888664466133	0.006234970122229111
117	116	0.12178510370812562	0.007415805742599456
117	120	0.1761366892739972	0.01551206665420232
117	121	0.18532550102995082	0.01717277066600115
117	119	0.1866628696349141	0.01742151345017047
118	117	0.11166888664466133	0.006234970122229111
118	116	0.11646391355666624	0.006781921580467314
118	121	0.17942280133895594	0.016096270820159225
118	120	0.1808424699031791	0.01635199946034112
118	122	0.18128744738530075	0.016432569289739095
119	120	0.08512665223428227	0.0036232734603082175
119	121	0.10139716191817687	0.0051406922225304885
119	122	0.12011617292205597	0.007213947498720626
119	115	0.16497410568596094	0.013608227773441305
119	114	0.1672532504655779	0.013986824895650667
120	119	0.08512665223428227	0.0036232734603082175
120	121	0.10145956550687563	0.005147021716421993
120	122	0.10575480887595888	0.0055920398001952955
120	115	0.15875561959183568	0.01260167337599382
120	113	0.15976493895298888	0.012762417859326131
121	119	0.10139716191817687	0.0051406922225304885
121	120	0.10145956550687563	0.005147021716421993
121	122	0.1023919724145695	0.0052420580074729805
121	113	0.1637882266015739	0.013413291586644262
121	115	0.16696439482217681	0.013938554569167871
122	121	0.1023919724145695	0.0052420580074729805
122	120	0.10575480887595888	0.0055920398001952955
122	119	0.12011617292205597	0.007213947498720626
122	114	0.16338243743488703	0.013346910431082389
122	115	0.17063175273514067	0.014557597520733092
123	124	0.08500769930106608	0.0036131544702302353
123	125	0.09814106013231802	0.004815833841947631
123	129	0.16519376970443644	0.013644490774581191
123	128	0.1700616935412996	0.014460489805067452
123	126	0.1708754062618218	0.014599202232571324
124	123	0.08500769930106608	0.0036131544702302353
124	125	0.09494877500668623	0.004507634937635162
124	127	0.15784059849045737	0.012456827265912886
124	129	0.15966256993042585	0.012746068118394063
124	126	0.16557045099370898	0.013706787121130094
125	124	0.09494877500668623	0.004507634937635162
125	123	0.09814106013231802	0.004815833841947631
125	126	0.17199095752430682	0.014790444735063956
125	129	0.17623527003461348	0.015529435202086566
125	130	0.17652932013720277	0.015581300434051511
126	129	0.09561550507760905	0.004571162405623141
126	128	0.11170634248569765	0.00623915347576599
126	127	0.11736820178225423	0.006887647394799972
126	124	0.16557045099370898	0.013706787121130094
126	123	0.1708754062618218	0.014599202232571324
127	129	0.11611004213060414	0.006740770941785334
127	126	0.11736820178225423	0.006887647394799972
127	128	0.13647410422907436	0.009312590562564126
127	124	0.15784059849045737	0.012456827265912886
127	131	0.17366979756195408	0.015080599292605057
128	129	0.11108728251543616	0.006170192168332165
128	126	0.11170634248569765	0.00623915347576599
128	127	0.13647410422907436	0.009312590562564126
128	124	0.16843151102299708	0.014184586952744993
128	123	0.1700616935412996	0.014460489805067452
129	126	0.09561550507760905	0.004571162405623141
129	128	0.11108728251543616	0.006170192168332165
129	127	0.11611004213060414	0.006740770941785334
129	124	0.15966256993042585	0.012746068118394063
129	123	0.16519376970443644	0.013644490774581191
130	132	0.10100099877696592	0.005100600876972335
130	131	0.11702600174102576	0.006847542541745282
130	124	0.17476752544474047	0.015271843975039005
130	125	0.17652932013720277	0.015581300434051511
130	127	0.1765533040107492	0.015585534578556015
131	132	0.1141160142860962	0.006511232358272256
131	130	0.11702600174102576	0.006847542541745282
131	126	0.1714921027826539	0.014704770658408164
131	124	0.17271467098690546	0.014915178787057502
131	127	0.17366979756195408	0.015080599292605057
132	130	0.10100099877696592	0.005100600876972335
132	131	0.1141160142860962	0.006511232358272256
132	124	0.1747420464807617	0.01526739140414234
132	126	0.18030778920131105	0.01625544942333221
132	127	0.18632547107072536	0.017358590584863855
133	134	0.5709647394225729	0.16300036683194327
133	135	0.6289866919905293	0.19781212935059447
133	109	1.3624838328614368	0.9281810974043958
133	50	1.3664647005233828	0.933612888888229
133	48	1.3676492028698541	0.9352321710552737
134	133	0.5709647394225729	0.16300036683194327
134	135	0.6053315069296678	0.1832131166408712
134	111	1.355339412522312	0.9184724615681629
134	152	1.36662142788039	0.9338270635709182
134	109	1.3683655238224992	0.9362121033930113
135	134	0.6053315069296678	0.1832131166408712
135	133	0.6289866919905293	0.19781212935059447
135	50	1.3497577912137693	0.9109230474711366
135	49	1.364096339160121	0.930379411255022
135	150	1.373953693815755	0.9438743763749788
136	138	0.6385599700471958	0.20387941767333778
136	137	0.7153830108359325	0.25588642609634193
136	141	1.0125600908640628	0.5126389688053196
136	143	1.020618009095592	0.5208305602451251
136	142	1.0505840611163015	0.5518634347358105
137	136	0.7153830108359325	0.25588642609634193
137	138	0.7272924357091328	0.26447714351986157
137	143	1.044536556078576	0.5455283084922461
137	145	1.0843697225653706	0.5879288476082494
137	139	1.096095959738258	0.6007131764772665
138	136	0.6385599700471958	0.20387941767333778
138	137	0.7272924357091328	0.26447714351986157
138	144	1.0202200214415906	0.5204244460751398
138	143	1.021746769649946	0.5219832306450499
138	142	1.0555042005071245	0.557044558644092
139	141	0.6170442600065648	0.19037180940352455
139	142	0.6871622311523903	0.23609596596116553
139	140	0.7143842550831794	0.25517243195537453
139	138	1.055612869938117	0.557159265589494
139	136	1.0629831647742736	0.5649666042967653
140	142	0.6218009883326949	0.1933182345457581
140	141	0.7061317001437463	0.2493109889739488
140	139	0.7143842550831794	0.25517243195537453
140	138	1.0666342231381867	0.5688542829848015
140	143	1.0682485514706919	0.5705774838596157
141	139	0.6170442600065648	0.19037180940352455
141	142	0.6777326145337353	0.22966074840136635
141	140	0.7061317001437463	0.2493109889739488
141	136	1.0125600908640628	0.5126389688053196
141	138	1.0725282384467263	0.5751584111328188
142	140	0.6218009883326949	0.1933182345457581
142	141	0.6777326145337353	0.22966074840136635
142	139	0.6871622311523903	0.23609596596116553
142	143	1.0461544394042313	0.5472195555425907
142	136	1.0505840611163015	0.5518634347358105
143	144	0.6242137317373238	0.1948213914447178
143	145	0.6420464935640084	0.20611184994891918
143	136	1.020618009095592	0.5208305602451251
143	138	1.021746769649946	0.5219832306450499
143	137	1.044536556078576	0.5455283084922461
144	145	0.5968987550955561	0.17814406191731233
144	143	0.6242137317373238	0.1948213914447178
144	138	1.0202200214415906	0.5204244460751398
144	140	1.0754203617191853	0.5782644772001116
144	136	1.08146803475894	0.584786555102682
145	144	0.5968987550955561	0.17814406191731233
145	143	0.6420464935640084	0.20611184994891918
145	136	1.0580576598526645	0.5597430057864484
145	139	1.0684780383669898	0.5708226592362853
145	138	1.069061414644873	0.5714461541412484
146	148	0.6227649081834178	0.1939180654323504
146	149	0.6410353047729719	0.20546313098268848
146	147	0.681727350058742	0.23237608990905725
146	155	1.032409511071963	0.532934699275925
146	154	1.0499564103678125	0.5512042318362311
147	148	0.5834383716894433	0.17020016677981453
147	146	0.681727350058742	0.23237608990905725
147	149	0.682378283852336	0.23282006113662962
147	154	1.0509218343282587	0.552218350933936
147	153	1.0913750869631675	0.5955497902219308
148	147	0.5834383716894433	0.17020016677981453
148	149	0.6167060051330153	0.19016314838356135
148	146	0.6227649081834178	0.1939180654323504
148	155	1.0376672400780356	0.5383766505655837
148	153	1.039230421683824	0.5399999346765693
149	148	0.6167060051330153	0.19016314838356135
149	146	0.6410353047729719	0.20546313098268848
149	147	0.682378283852336	0.23282006113662962
149	154	1.0256695861255192	0.5259990499514469
149	153	1.033515293839125	0.5340769312996865
150	152	0.6847177895073723	0.23441922563393108
150	151	0.7424804495645848	0.275638608992814
150	147	1.1019391343268206	0.6071349278804713
150	148	1.119409308115072	0.6265385995473322
150	146	1.120831015049477	0.6281310821484204
151	152	0.6569520859959999	0.21579302164724778
151	150	0.7424804495645848	0.275638608992814
151	148	1.089205842045524	0.5931846831730494
151	147	1.0976458557823874	0.6024132123581247
151	146	1.1007020308772852	0.6057724803886901
152	151	0.6569520859959999	0.21579302164724778
152	150	0.6847177895073723	0.23441922563393108
152	148	1.0906321727835142	0.5947392681552446
152	146	1.1162831131664408	0.6230439943702805
152	147	1.1343794394747022	0.6434083563514698
153	155	0.5997572728182273	0.17985439314917878
153	154	0.7093087244577008	0.25155943329590524
153	149	1.033515293839125	0.5340769312996865
153	148	1.039230421683824	0.5399999346765693
153	146	1.070162121113127	0.5726234827326735
154	155	0.5836427873022887	0.1703194515849923
154	153	0.7093087244577008	0.25155943329590524
154	149	1.0256695861255192	0.5259990499514469
154	146	1.0499564103678125	0.5512042318362311
154	147	1.0509218343282587	0.552218350933936
155	154	0.5836427873022887	0.1703194515849923
155	153	0.5997572728182273	0.17985439314917878
155	146	1.032409511071963	0.532934699275925
155	148	1.0376672400780356	0.5383766505655837
155	149	1.0753915765747175	0.5782335214839283
156	158	0.10830771464837857	0.005865280526177299
156	157	0.11059144375261727	0.0061152337156441545
156	159	0.11293426766681489	0.006377074406719895
156	160	0.19390878994974214	0.01880030940988661
156	161	0.19406692513147253	0.018830985714992282
157	159	0.100891239613619	0.005089521115386342
157	158	0.1023701368023613	0.005239822454467084
157	156	0.11059144375261727	0.0061152337156441545
157	166	0.18084440979375102	0.016352350276825075
157	165	0.18221774097840596	0.016601652563636722
158	159	0.09769474837505518	0.004772131930032673
158	157	0.1023701368023613	0.005239822454467084
158	156	0.10830771464837857	0.005865280526177299
158	166	0.18019785502803037	0.016235633478351524
158	160	0.18616615910183035	0.017328919397364004
159	158	0.09769474837505518	0.004772131930032673
159	157	0.100891239613619	0.005089521115386342
159	156	0.11293426766681489	0.006377074406719895
159	166	0.1813130878605596	0.016437217914765503
159	160	0.1854939355614262	0.01720400006503327
160	161	0.10907208876015333	0.005948360273251383
160	162	0.11464519871543778	0.006571760794251109
160	163	0.11899132800954879	0.007079468070738015
160	166	0.17419857212989606	0.0151725712660473
160	165	0.17713563319476897	0.01568851627365587
161	163	0.09016741286580009	0.004065081171455825
161	162	0.10745830375677393	0.005773643523141547
161	160	0.10907208876015333	0.005948360273251383
161	166	0.17029758748679116	0.014500634151910646
161	165	0.17222496079248997	0.014830718559987355
162	163	0.10619237504517055	0.0056384102588670805
162	161	0.10745830375677393	0.005773643523141547
162	160	0.11464519871543778	0.006571760794251109
162	165	0.17723439398353652	0.015706015205355722
162	166	0.1820462245834045	0.016570413942535674
163	161	0.09016741286580009	0.004065081171455825
163	162	0.10619237504517055	0.0056384102588670805
163	160	0.11899132800954879	0.007079468070738015
163	165	0.1691332863578415	0.014303034277101808
163	166	0.17686023756806984	0.015639771816317052
164	165	0.10651673306769352	0.005672907211707137
164	166	0.11506334079516313	0.006619786197471926
164	163	0.18171666929016744	0.016510473948956043
164	160	0.18470448793029334	0.017057873930795938
164	161	0.18861454017378687	0.01778772238248453
165	166	0.10487988333766393	0.005499894964460998
165	164	0.10651673306769352	0.005672907211707137
165	163	0.1691332863578415	0.014303034277101808
165	161	0.17222496079248997	0.014830718559987355
165	160	0.17713563319476897	0.01568851627365587
166	165	0.10487988333766393	0.005499894964460998
166	164	0.11506334079516313	0.006619786197471926
166	161	0.17029758748679116	0.014500634151910646
166	160	0.17419857212989606	0.0151725712660473
166	163	0.17686023756806984	0.015639771816317052
